Subject,ML Score,MERCI Score,BLAST Score,Hybrid Score,Prediction
p000017,0.376,0.0,0,0.376,Allergen
p000051,0.278,0.0,0,0.278,Non-Allergen
p000056,0.287,0.0,0,0.287,Non-Allergen
p000058,0.346,0.0,0,0.346,Allergen
p000070,0.345,0.0,0,0.345,Allergen
p000073,0.293,0.0,0,0.293,Non-Allergen
p000098,0.345,0.0,0,0.345,Allergen
p000101,0.29,0.0,0,0.29,Non-Allergen
p000119,0.295,0.0,0,0.295,Non-Allergen
p000124,0.301,0.0,0,0.301,Allergen
p000129,0.305,0.0,0,0.305,Allergen
p000140,0.295,0.0,0,0.295,Non-Allergen
p000148,0.278,0.0,0,0.278,Non-Allergen
p000205,0.271,0.0,0,0.271,Non-Allergen
p000209,0.288,0.0,0,0.288,Non-Allergen
p000212,0.334,0.0,0,0.334,Allergen
p000218,0.37,0.0,0,0.37,Allergen
p000237,0.318,0.0,0,0.318,Allergen
p000254,0.291,0.0,0,0.291,Non-Allergen
p000297,0.281,0.0,0,0.281,Non-Allergen
p000310,0.383,0.0,0,0.383,Allergen
p000330,0.347,0.0,0,0.347,Allergen
p000359,0.256,0.0,0,0.256,Non-Allergen
p000365,0.296,0.0,0,0.296,Non-Allergen
p000368,0.407,0.0,0,0.407,Allergen
p000377,0.285,0.0,0,0.285,Non-Allergen
p000391,0.294,0.0,0,0.294,Non-Allergen
p000413,0.302,0.0,0,0.302,Allergen
p000421,0.267,0.0,0,0.267,Non-Allergen
p000425,0.241,0.0,0,0.241,Non-Allergen
p000445,0.501,0.0,0,0.501,Allergen
p000451,0.312,0.0,0,0.312,Allergen
p000454,0.288,0.0,0,0.288,Non-Allergen
p000470,0.345,0.0,0,0.345,Allergen
p000474,0.307,0.0,0,0.307,Allergen
p000490,0.331,0.0,0,0.331,Allergen
p000504,0.28,0.0,0,0.28,Non-Allergen
p000523,0.322,0.0,0,0.322,Allergen
p000546,0.328,0.0,0,0.328,Allergen
p000563,0.33,0.0,0,0.33,Allergen
p000578,0.325,0.0,0,0.325,Allergen
p000591,0.343,0.0,0,0.343,Allergen
p000605,0.305,0.0,0,0.305,Allergen
p000630,0.251,0.0,0,0.251,Non-Allergen
p000642,0.449,0.0,0,0.449,Allergen
p000650,0.384,0.0,0,0.384,Allergen
p000718,0.323,0.5,0,0.823,Allergen
p000728,0.264,0.0,0,0.264,Non-Allergen
p000733,0.309,0.0,0,0.309,Allergen
p000734,0.331,0.0,0,0.331,Allergen
p000740,0.278,0.0,0,0.278,Non-Allergen
p000753,0.21,0.0,0,0.21,Non-Allergen
p000785,0.279,0.0,0,0.279,Non-Allergen
p000816,0.344,0.0,0,0.344,Allergen
p000822,0.335,0.0,0,0.335,Allergen
p000824,0.322,0.0,0,0.322,Allergen
p000833,0.207,0.0,0,0.207,Non-Allergen
p000853,0.389,0.0,0,0.389,Allergen
p000857,0.338,0.0,0,0.338,Allergen
p000871,0.337,0.0,0,0.337,Allergen
p000892,0.244,0.0,0,0.244,Non-Allergen
p000919,0.373,0.0,0,0.373,Allergen
p000926,0.213,0.0,0,0.213,Non-Allergen
p000930,0.259,0.0,0,0.259,Non-Allergen
p000931,0.322,0.0,0,0.322,Allergen
p000936,0.324,0.0,0,0.324,Allergen
p000939,0.322,0.0,0,0.322,Allergen
p000970,0.363,0.0,0,0.363,Allergen
p000972,0.329,0.0,0,0.329,Allergen
p000974,0.381,0.0,0,0.381,Allergen
p000984,0.3,0.0,0,0.3,Non-Allergen
p000987,0.332,0.0,0,0.332,Allergen
p001021,0.341,0.0,0,0.341,Allergen
p001037,0.26,0.0,0,0.26,Non-Allergen
p001110,0.351,0.0,0,0.351,Allergen
p001117,0.286,0.0,0,0.286,Non-Allergen
p001132,0.346,0.0,0,0.346,Allergen
p001133,0.339,0.0,0,0.339,Allergen
p001141,0.241,0.0,0,0.241,Non-Allergen
p001179,0.254,0.0,0,0.254,Non-Allergen
p001199,0.367,0.0,0,0.367,Allergen
p001224,0.361,0.0,0,0.361,Allergen
p001225,0.305,0.0,0,0.305,Allergen
p001234,0.285,0.0,0,0.285,Non-Allergen
p001243,0.281,0.0,0,0.281,Non-Allergen
p001257,0.342,0.0,0,0.342,Allergen
p001294,0.344,0.0,0,0.344,Allergen
p001298,0.301,0.0,0,0.301,Allergen
p001301,0.282,0.0,0,0.282,Non-Allergen
p001327,0.311,0.0,0,0.311,Allergen
p001334,0.316,0.0,0,0.316,Allergen
p001403,0.287,0.0,0,0.287,Non-Allergen
p001413,0.249,0.0,0,0.249,Non-Allergen
p001415,0.34,0.0,0,0.34,Allergen
p001421,0.29,0.0,0,0.29,Non-Allergen
p001469,0.307,0.0,0,0.307,Allergen
p001471,0.349,0.0,0,0.349,Allergen
p001501,0.282,0.0,0,0.282,Non-Allergen
p001509,0.284,0.0,0,0.284,Non-Allergen
p001517,0.256,0.0,0,0.256,Non-Allergen
p001519,0.295,0.0,0,0.295,Non-Allergen
p001534,0.249,0.0,0,0.249,Non-Allergen
p001547,0.299,0.0,0,0.299,Non-Allergen
p001554,0.256,0.0,0,0.256,Non-Allergen
p001570,0.282,0.0,0,0.282,Non-Allergen
p001579,0.229,0.0,0,0.229,Non-Allergen
p001587,0.29,0.0,0,0.29,Non-Allergen
p001589,0.398,0.0,0,0.398,Allergen
p001681,0.278,0.5,0,0.778,Allergen
p001696,0.277,0.0,0,0.277,Non-Allergen
p001724,0.274,0.0,0,0.274,Non-Allergen
p001735,0.36,0.0,0,0.36,Allergen
p001753,0.325,0.0,0,0.325,Allergen
p001759,0.242,0.0,0,0.242,Non-Allergen
p001760,0.413,0.0,0,0.413,Allergen
p001772,0.336,0.0,0,0.336,Allergen
p001805,0.309,0.0,0,0.309,Allergen
p001806,0.282,0.0,0,0.282,Non-Allergen
p001849,0.274,0.0,0,0.274,Non-Allergen
p001869,0.284,0.0,0,0.284,Non-Allergen
p001878,0.289,0.0,0,0.289,Non-Allergen
p001914,0.27,0.0,0,0.27,Non-Allergen
p001916,0.315,0.0,0,0.315,Allergen
p001928,0.308,0.0,0,0.308,Allergen
p001935,0.302,0.0,0,0.302,Allergen
p001947,0.427,0.0,0,0.427,Allergen
p001949,0.326,0.0,0,0.326,Allergen
p001971,0.294,0.0,0,0.294,Non-Allergen
p001985,0.264,0.0,0,0.264,Non-Allergen
p001997,0.322,0.0,0,0.322,Allergen
p002016,0.304,0.0,0,0.304,Allergen
p002044,0.344,0.0,0,0.344,Allergen
p002050,0.333,0.0,0,0.333,Allergen
p002059,0.254,0.0,0,0.254,Non-Allergen
p002069,0.279,0.0,0,0.279,Non-Allergen
p002085,0.339,0.0,0,0.339,Allergen
p002102,0.306,0.0,0,0.306,Allergen
p002124,0.317,0.0,0,0.317,Allergen
p002146,0.335,0.0,0,0.335,Allergen
p002160,0.255,0.0,0,0.255,Non-Allergen
p002170,0.342,0.0,0,0.342,Allergen
p002213,0.267,0.0,0,0.267,Non-Allergen
p002218,0.337,0.0,0,0.337,Allergen
p002222,0.37,0.0,0,0.37,Allergen
p002245,0.292,0.0,0,0.292,Non-Allergen
p002269,0.278,0.0,0,0.278,Non-Allergen
p002280,0.341,0.0,0,0.341,Allergen
p002314,0.269,0.0,0,0.269,Non-Allergen
p002322,0.381,0.0,0,0.381,Allergen
p002332,0.398,0.0,0,0.398,Allergen
p002334,0.373,0.0,0,0.373,Allergen
p002348,0.244,0.0,0,0.244,Non-Allergen
p002354,0.363,0.0,0,0.363,Allergen
p002364,0.262,0.0,0,0.262,Non-Allergen
p002368,0.318,0.0,0,0.318,Allergen
p002369,0.33,0.0,0,0.33,Allergen
p002382,0.382,0.0,0,0.382,Allergen
p002402,0.37,0.0,0,0.37,Allergen
p002410,0.374,0.0,0,0.374,Allergen
p002411,0.246,0.0,0,0.246,Non-Allergen
p002430,0.308,0.0,0,0.308,Allergen
p002433,0.33,0.0,0,0.33,Allergen
p002446,0.337,0.0,0,0.337,Allergen
p002455,0.229,0.0,0,0.229,Non-Allergen
p002472,0.328,0.0,0,0.328,Allergen
p002473,0.222,0.0,0,0.222,Non-Allergen
p002488,0.289,0.0,0,0.289,Non-Allergen
p002507,0.301,0.0,0,0.301,Allergen
p002528,0.318,0.0,0,0.318,Allergen
p002534,0.382,0.0,0,0.382,Allergen
p002548,0.325,0.0,0,0.325,Allergen
p002553,0.258,0.0,0,0.258,Non-Allergen
p002556,0.397,0.0,0,0.397,Allergen
p002587,0.376,0.0,0,0.376,Allergen
p002631,0.265,0.0,0,0.265,Non-Allergen
p002683,0.274,0.0,0,0.274,Non-Allergen
p002713,0.337,0.0,0,0.337,Allergen
p002729,0.299,0.0,0,0.299,Non-Allergen
p002733,0.328,0.0,0,0.328,Allergen
p002778,0.267,0.0,0,0.267,Non-Allergen
p002787,0.248,0.0,0,0.248,Non-Allergen
p002791,0.287,0.5,0,0.787,Allergen
p002798,0.262,0.0,0,0.262,Non-Allergen
p002805,0.406,0.0,0,0.406,Allergen
p002816,0.258,0.5,0,0.758,Allergen
p002833,0.299,0.0,0,0.299,Non-Allergen
p002834,0.303,0.0,0,0.303,Allergen
p002836,0.328,0.0,0,0.328,Allergen
p002844,0.348,0.0,0,0.348,Allergen
p002849,0.304,0.0,0,0.304,Allergen
p002854,0.316,0.0,0,0.316,Allergen
p002858,0.359,0.0,0,0.359,Allergen
p002886,0.402,0.0,0,0.402,Allergen
p002903,0.292,0.0,0,0.292,Non-Allergen
p002922,0.283,0.0,0,0.283,Non-Allergen
p002951,0.285,0.0,0,0.285,Non-Allergen
p002980,0.191,0.0,0,0.191,Non-Allergen
p002992,0.289,0.0,0,0.289,Non-Allergen
p003029,0.396,0.0,0,0.396,Allergen
p003064,0.281,0.0,0,0.281,Non-Allergen
p003081,0.257,0.0,0,0.257,Non-Allergen
p003082,0.296,0.0,0,0.296,Non-Allergen
p003101,0.3,0.0,0,0.3,Non-Allergen
p003105,0.294,0.0,0,0.294,Non-Allergen
p003117,0.302,0.0,0,0.302,Allergen
p003121,0.283,0.0,0,0.283,Non-Allergen
p003140,0.307,0.0,0,0.307,Allergen
p003157,0.283,0.0,0,0.283,Non-Allergen
p003170,0.297,0.0,0,0.297,Non-Allergen
p003186,0.423,0.0,0,0.423,Allergen
p003195,0.323,0.0,0,0.323,Allergen
p003206,0.284,0.0,0,0.284,Non-Allergen
p003232,0.316,0.0,0,0.316,Allergen
p003237,0.245,0.0,0,0.245,Non-Allergen
p003244,0.321,0.5,0,0.821,Allergen
p003247,0.291,0.0,0,0.291,Non-Allergen
p003300,0.306,0.0,0,0.306,Allergen
p003305,0.288,0.0,0,0.288,Non-Allergen
p003314,0.375,0.0,0,0.375,Allergen
p003323,0.269,0.0,0,0.269,Non-Allergen
p003333,0.366,0.0,0,0.366,Allergen
p003341,0.431,0.0,0,0.431,Allergen
p003349,0.285,0.0,0,0.285,Non-Allergen
p003354,0.301,0.0,0,0.301,Allergen
p003355,0.259,0.0,0,0.259,Non-Allergen
p003378,0.314,0.0,0,0.314,Allergen
p003387,0.283,0.0,0,0.283,Non-Allergen
p003415,0.323,0.0,0,0.323,Allergen
p003483,0.302,0.0,0,0.302,Allergen
p003490,0.343,0.0,0,0.343,Allergen
p003521,0.375,0.0,0,0.375,Allergen
p003546,0.373,0.0,0,0.373,Allergen
p003569,0.28,0.0,0,0.28,Non-Allergen
p003606,0.314,0.0,0,0.314,Allergen
p003625,0.28,0.0,0,0.28,Non-Allergen
p003653,0.221,0.0,0,0.221,Non-Allergen
p003681,0.212,0.0,0,0.212,Non-Allergen
p003703,0.325,0.0,0,0.325,Allergen
p003704,0.349,0.0,0,0.349,Allergen
p003745,0.36,0.0,0,0.36,Allergen
p003778,0.309,0.0,0,0.309,Allergen
p003789,0.338,0.0,0,0.338,Allergen
p003805,0.333,0.0,0,0.333,Allergen
p003849,0.361,0.0,0,0.361,Allergen
p003851,0.45,0.0,0,0.45,Allergen
p003911,0.258,0.0,0,0.258,Non-Allergen
p003925,0.24,0.0,0,0.24,Non-Allergen
p003929,0.293,0.0,0,0.293,Non-Allergen
p003930,0.234,0.0,0,0.234,Non-Allergen
p003951,0.297,0.0,0,0.297,Non-Allergen
p003952,0.311,0.0,0,0.311,Allergen
p003991,0.29,0.0,0,0.29,Non-Allergen
p004039,0.282,0.0,0,0.282,Non-Allergen
p004074,0.28,0.0,0,0.28,Non-Allergen
p004105,0.271,0.0,0,0.271,Non-Allergen
p004111,0.411,0.0,0,0.411,Allergen
p004122,0.304,0.0,0,0.304,Allergen
p004134,0.238,0.0,0,0.238,Non-Allergen
p004149,0.301,0.0,0,0.301,Allergen
p004168,0.367,0.0,0,0.367,Allergen
p004175,0.449,0.0,0,0.449,Allergen
p004178,0.344,0.0,0,0.344,Allergen
p004195,0.352,0.0,0,0.352,Allergen
p004206,0.363,0.0,0,0.363,Allergen
p004210,0.323,0.0,0,0.323,Allergen
p004211,0.298,0.0,0,0.298,Non-Allergen
p004216,0.271,0.0,0,0.271,Non-Allergen
p004241,0.318,0.0,0,0.318,Allergen
p004264,0.302,0.0,0,0.302,Allergen
p004269,0.32,0.0,0,0.32,Allergen
p004291,0.31,0.0,0,0.31,Allergen
p004296,0.241,0.0,0,0.241,Non-Allergen
p004342,0.359,0.0,0,0.359,Allergen
p004346,0.314,0.0,0,0.314,Allergen
p004349,0.272,0.0,0,0.272,Non-Allergen
p004393,0.31,0.0,0,0.31,Allergen
p004394,0.371,0.0,0,0.371,Allergen
p004399,0.302,0.0,0,0.302,Allergen
p004420,0.311,0.0,0,0.311,Allergen
p004425,0.456,0.0,0,0.456,Allergen
p004440,0.251,0.0,0,0.251,Non-Allergen
p004449,0.277,0.0,0,0.277,Non-Allergen
p004453,0.277,0.0,0,0.277,Non-Allergen
p004454,0.411,0.0,0,0.411,Allergen
p004471,0.246,0.0,0,0.246,Non-Allergen
p004485,0.295,0.0,0,0.295,Non-Allergen
p004487,0.34,0.0,0,0.34,Allergen
p004492,0.352,0.0,0,0.352,Allergen
p004511,0.29,0.0,0,0.29,Non-Allergen
p004518,0.38,0.0,0,0.38,Allergen
p004550,0.323,0.0,0,0.323,Allergen
p004587,0.268,0.0,0,0.268,Non-Allergen
p004608,0.3,0.0,0,0.3,Non-Allergen
p004640,0.213,0.0,0,0.213,Non-Allergen
p004659,0.267,0.0,0,0.267,Non-Allergen
p004681,0.306,0.0,0,0.306,Allergen
p004684,0.287,0.0,0,0.287,Non-Allergen
p004706,0.291,0.0,0,0.291,Non-Allergen
p004713,0.255,0.0,0,0.255,Non-Allergen
p004735,0.346,0.0,0,0.346,Allergen
p004760,0.308,0.0,0,0.308,Allergen
p004778,0.285,0.0,0,0.285,Non-Allergen
p004789,0.242,0.0,0,0.242,Non-Allergen
p004794,0.294,0.0,0,0.294,Non-Allergen
p004812,0.355,0.0,0,0.355,Allergen
p004830,0.337,0.0,0,0.337,Allergen
p004844,0.313,0.0,0,0.313,Allergen
p004878,0.322,0.0,0,0.322,Allergen
p004889,0.351,0.0,0,0.351,Allergen
p004902,0.308,0.0,0,0.308,Allergen
p004920,0.322,0.0,0,0.322,Allergen
p004928,0.427,0.0,0,0.427,Allergen
p004935,0.34,0.0,0,0.34,Allergen
p004948,0.343,0.0,0,0.343,Allergen
p004957,0.238,0.0,0,0.238,Non-Allergen
p004972,0.322,0.0,0,0.322,Allergen
p005001,0.397,0.0,0,0.397,Allergen
p005018,0.333,0.0,0,0.333,Allergen
p005032,0.398,0.0,0,0.398,Allergen
p005034,0.354,0.0,0,0.354,Allergen
p005050,0.383,0.0,0,0.383,Allergen
p005054,0.277,0.0,0,0.277,Non-Allergen
p005092,0.478,0.0,0,0.478,Allergen
p005096,0.328,0.0,0,0.328,Allergen
p005137,0.276,0.0,0,0.276,Non-Allergen
p005142,0.374,0.0,0,0.374,Allergen
p005146,0.347,0.0,0,0.347,Allergen
p005176,0.297,0.0,0,0.297,Non-Allergen
p005192,0.243,0.0,0,0.243,Non-Allergen
p005198,0.314,0.0,0,0.314,Allergen
p005204,0.376,0.0,0,0.376,Allergen
p005215,0.304,0.0,0,0.304,Allergen
p005230,0.317,0.0,0,0.317,Allergen
p005237,0.238,0.0,0,0.238,Non-Allergen
p005249,0.336,0.0,0,0.336,Allergen
p005254,0.175,0.0,0,0.175,Non-Allergen
p005284,0.302,0.0,0,0.302,Allergen
p005310,0.362,0.0,0,0.362,Allergen
p005353,0.215,0.0,0,0.215,Non-Allergen
p005369,0.301,0.0,0,0.301,Allergen
p005377,0.288,0.0,0,0.288,Non-Allergen
p005381,0.221,0.0,0,0.221,Non-Allergen
p005386,0.304,0.0,0,0.304,Allergen
p005432,0.314,0.0,0,0.314,Allergen
p005435,0.283,0.0,0,0.283,Non-Allergen
p005440,0.319,0.0,0,0.319,Allergen
p005441,0.271,0.0,0,0.271,Non-Allergen
p005456,0.358,0.0,0,0.358,Allergen
p005457,0.274,0.0,0,0.274,Non-Allergen
p005462,0.353,0.0,0,0.353,Allergen
p005464,0.298,0.0,0,0.298,Non-Allergen
p005523,0.331,0.0,0,0.331,Allergen
p005534,0.244,0.0,0,0.244,Non-Allergen
p005568,0.335,0.0,0,0.335,Allergen
p005570,0.274,0.0,0,0.274,Non-Allergen
p005578,0.267,0.0,0,0.267,Non-Allergen
p005581,0.323,0.0,0,0.323,Allergen
p005617,0.264,0.0,0,0.264,Non-Allergen
p005643,0.366,0.0,0,0.366,Allergen
p005655,0.317,0.0,0,0.317,Allergen
p005675,0.327,0.0,0,0.327,Allergen
p005692,0.284,0.0,0,0.284,Non-Allergen
p005711,0.417,0.0,0,0.417,Allergen
p005715,0.362,0.0,0,0.362,Allergen
p005726,0.35,0.0,0,0.35,Allergen
p005740,0.296,0.0,0,0.296,Non-Allergen
p005756,0.35,0.0,0,0.35,Allergen
p005773,0.292,0.0,0,0.292,Non-Allergen
p005792,0.22,0.0,0,0.22,Non-Allergen
p005813,0.356,0.0,0,0.356,Allergen
p005819,0.36,0.0,0,0.36,Allergen
p005851,0.288,0.0,0,0.288,Non-Allergen
p005869,0.282,0.0,0,0.282,Non-Allergen
p005870,0.365,0.0,0,0.365,Allergen
p005879,0.342,0.0,0,0.342,Allergen
p005885,0.241,0.0,0,0.241,Non-Allergen
p005886,0.397,0.0,0,0.397,Allergen
p005895,0.277,0.0,0,0.277,Non-Allergen
p005907,0.291,0.0,0,0.291,Non-Allergen
p005910,0.34,0.0,0,0.34,Allergen
p005929,0.292,0.0,0,0.292,Non-Allergen
p005930,0.247,0.0,0,0.247,Non-Allergen
p005937,0.342,0.0,0,0.342,Allergen
p005941,0.328,0.0,0,0.328,Allergen
p005945,0.329,0.0,0,0.329,Allergen
p005953,0.31,0.0,0,0.31,Allergen
p005960,0.283,0.0,0,0.283,Non-Allergen
p005974,0.369,0.0,0,0.369,Allergen
p005975,0.277,0.0,0,0.277,Non-Allergen
p005981,0.296,0.0,0,0.296,Non-Allergen
p005987,0.296,0.0,0,0.296,Non-Allergen
p006057,0.273,0.0,0,0.273,Non-Allergen
p006060,0.283,0.0,0,0.283,Non-Allergen
p006099,0.239,0.0,0,0.239,Non-Allergen
p006103,0.253,0.0,0,0.253,Non-Allergen
p006112,0.343,0.0,0,0.343,Allergen
p006130,0.427,0.0,0,0.427,Allergen
p006132,0.265,0.0,0,0.265,Non-Allergen
p006135,0.327,0.0,0,0.327,Allergen
p006138,0.303,0.0,0,0.303,Allergen
p006158,0.36,0.0,0,0.36,Allergen
p006163,0.292,0.0,0,0.292,Non-Allergen
p006177,0.358,0.0,0,0.358,Allergen
p006185,0.277,0.0,0,0.277,Non-Allergen
p006189,0.31,0.0,0,0.31,Allergen
p006202,0.319,0.0,0,0.319,Allergen
p006203,0.315,0.0,0,0.315,Allergen
p006214,0.32,0.0,0,0.32,Allergen
p006221,0.392,0.0,0,0.392,Allergen
p006225,0.287,0.0,0,0.287,Non-Allergen
p006231,0.257,0.0,0,0.257,Non-Allergen
p006234,0.31,0.0,0,0.31,Allergen
p006240,0.319,0.0,0,0.319,Allergen
p006244,0.269,0.0,0,0.269,Non-Allergen
p006247,0.309,0.0,0,0.309,Allergen
p006249,0.299,0.0,0,0.299,Non-Allergen
p006258,0.309,0.0,0,0.309,Allergen
p006269,0.275,0.0,0,0.275,Non-Allergen
p006279,0.233,0.0,0,0.233,Non-Allergen
p006293,0.275,0.0,0,0.275,Non-Allergen
p006313,0.299,0.0,0,0.299,Non-Allergen
p006323,0.296,0.0,0,0.296,Non-Allergen
p006333,0.272,0.0,0,0.272,Non-Allergen
p006376,0.334,0.0,0,0.334,Allergen
p006379,0.338,0.0,0,0.338,Allergen
p006428,0.314,0.0,0,0.314,Allergen
p006440,0.273,0.0,0,0.273,Non-Allergen
p006456,0.321,0.0,0,0.321,Allergen
p006463,0.338,0.0,0,0.338,Allergen
p006465,0.344,0.0,0,0.344,Allergen
p006466,0.24,0.5,0,0.74,Allergen
p006481,0.253,0.0,0,0.253,Non-Allergen
p006482,0.257,0.0,0,0.257,Non-Allergen
p006485,0.25,0.0,0,0.25,Non-Allergen
p006497,0.257,0.0,0,0.257,Non-Allergen
p006501,0.269,0.0,0,0.269,Non-Allergen
p006508,0.325,0.0,0,0.325,Allergen
p006521,0.282,0.0,0,0.282,Non-Allergen
p006532,0.256,0.0,0,0.256,Non-Allergen
p006543,0.305,0.0,0,0.305,Allergen
p006550,0.335,0.0,0,0.335,Allergen
p006590,0.317,0.0,0,0.317,Allergen
p006614,0.272,0.0,0,0.272,Non-Allergen
p006620,0.323,0.0,0,0.323,Allergen
p006668,0.297,0.0,0,0.297,Non-Allergen
p006674,0.304,0.0,0,0.304,Allergen
p006682,0.354,0.0,0,0.354,Allergen
p006698,0.315,0.0,0,0.315,Allergen
p006701,0.334,0.0,0,0.334,Allergen
p006703,0.336,0.0,0,0.336,Allergen
p006747,0.362,0.0,0,0.362,Allergen
p006785,0.262,0.0,0,0.262,Non-Allergen
p006790,0.318,0.0,0,0.318,Allergen
p006823,0.275,0.0,0,0.275,Non-Allergen
p006829,0.216,0.0,0,0.216,Non-Allergen
p006847,0.366,0.0,0,0.366,Allergen
p006853,0.325,0.0,0,0.325,Allergen
p006854,0.286,0.0,0,0.286,Non-Allergen
p006857,0.301,0.0,0,0.301,Allergen
p006865,0.357,0.0,0,0.357,Allergen
p006885,0.321,0.0,0,0.321,Allergen
p006956,0.316,0.0,0,0.316,Allergen
p006980,0.271,0.0,0,0.271,Non-Allergen
p006981,0.313,0.0,0,0.313,Allergen
p006984,0.27,0.0,0,0.27,Non-Allergen
p006994,0.231,0.0,0,0.231,Non-Allergen
p007006,0.303,0.0,0,0.303,Allergen
p007014,0.267,0.0,0,0.267,Non-Allergen
p007016,0.295,0.0,0,0.295,Non-Allergen
p007048,0.377,0.0,0,0.377,Allergen
p007049,0.374,0.0,0,0.374,Allergen
p007054,0.425,0.0,0,0.425,Allergen
p007077,0.296,0.0,0,0.296,Non-Allergen
p007093,0.158,0.0,0,0.158,Non-Allergen
p007104,0.348,0.0,0,0.348,Allergen
p007113,0.253,0.0,0,0.253,Non-Allergen
p007114,0.238,0.0,0,0.238,Non-Allergen
p007117,0.291,0.0,0,0.291,Non-Allergen
p007127,0.339,0.0,0,0.339,Allergen
p007144,0.235,0.0,0,0.235,Non-Allergen
p007154,0.346,0.0,0,0.346,Allergen
p007155,0.232,0.0,0,0.232,Non-Allergen
p007156,0.345,0.0,0,0.345,Allergen
p007184,0.329,0.0,0,0.329,Allergen
p007190,0.245,0.0,0,0.245,Non-Allergen
p007194,0.299,0.0,0,0.299,Non-Allergen
p007220,0.29,0.0,0,0.29,Non-Allergen
p007234,0.35,0.0,0,0.35,Allergen
p007235,0.302,0.0,0,0.302,Allergen
p007237,0.311,0.0,0,0.311,Allergen
p007241,0.295,0.0,0,0.295,Non-Allergen
p007262,0.285,0.0,0,0.285,Non-Allergen
p007276,0.274,0.0,0,0.274,Non-Allergen
p007294,0.353,0.0,0,0.353,Allergen
p007295,0.277,0.0,0,0.277,Non-Allergen
p007302,0.323,0.0,0,0.323,Allergen
p007307,0.266,0.0,0,0.266,Non-Allergen
p007322,0.347,0.0,0,0.347,Allergen
p007359,0.27,0.5,0,0.77,Allergen
p007375,0.272,0.0,0,0.272,Non-Allergen
p007383,0.229,0.0,0,0.229,Non-Allergen
p007405,0.296,0.5,0,0.796,Allergen
p007413,0.345,0.0,0,0.345,Allergen
p007414,0.334,0.0,0,0.334,Allergen
p007415,0.369,0.0,0,0.369,Allergen
p007428,0.339,0.0,0,0.339,Allergen
p007434,0.366,0.0,0,0.366,Allergen
p007441,0.322,0.0,0,0.322,Allergen
p007463,0.336,0.0,0,0.336,Allergen
p007475,0.301,0.0,0,0.301,Allergen
p007485,0.332,0.0,0,0.332,Allergen
p007542,0.33,0.0,0,0.33,Allergen
p007551,0.269,0.0,0,0.269,Non-Allergen
p007558,0.255,0.0,0,0.255,Non-Allergen
p007582,0.326,0.0,0,0.326,Allergen
p007584,0.345,0.0,0,0.345,Allergen
p007597,0.259,0.0,0,0.259,Non-Allergen
p007607,0.266,0.0,0,0.266,Non-Allergen
p007609,0.234,0.0,0,0.234,Non-Allergen
p007638,0.364,0.0,0,0.364,Allergen
p007660,0.365,0.0,0,0.365,Allergen
p007680,0.334,0.0,0,0.334,Allergen
p007689,0.289,0.0,0,0.289,Non-Allergen
p007694,0.38,0.0,0,0.38,Allergen
p007695,0.36,0.0,0,0.36,Allergen
p007699,0.32,0.0,0,0.32,Allergen
p007721,0.191,0.0,0,0.191,Non-Allergen
p007722,0.371,0.0,0,0.371,Allergen
p007740,0.301,0.0,0,0.301,Allergen
p007747,0.293,0.0,0,0.293,Non-Allergen
p007755,0.369,0.0,0,0.369,Allergen
p007766,0.347,0.0,0,0.347,Allergen
p007774,0.384,0.0,0,0.384,Allergen
p007827,0.276,0.0,0,0.276,Non-Allergen
p007835,0.343,0.0,0,0.343,Allergen
p007842,0.233,0.0,0,0.233,Non-Allergen
p007851,0.382,0.0,0,0.382,Allergen
p007892,0.416,0.0,0,0.416,Allergen
p007930,0.318,0.0,0,0.318,Allergen
p007944,0.316,0.0,0,0.316,Allergen
p007957,0.328,0.0,0,0.328,Allergen
p007965,0.293,0.0,0,0.293,Non-Allergen
p007972,0.389,0.0,0,0.389,Allergen
p007979,0.413,0.0,0,0.413,Allergen
p008012,0.424,0.0,0,0.424,Allergen
p008024,0.31,0.0,0,0.31,Allergen
p008049,0.339,0.0,0,0.339,Allergen
p008073,0.325,0.0,0,0.325,Allergen
p008105,0.263,0.0,0,0.263,Non-Allergen
p008114,0.261,0.0,0,0.261,Non-Allergen
p008137,0.289,0.0,0,0.289,Non-Allergen
p008138,0.277,0.0,0,0.277,Non-Allergen
p008178,0.29,0.0,0,0.29,Non-Allergen
p008190,0.295,0.0,0,0.295,Non-Allergen
p008197,0.309,0.0,0,0.309,Allergen
p008217,0.289,0.0,0,0.289,Non-Allergen
p008238,0.301,0.0,0,0.301,Allergen
p008243,0.311,0.0,0,0.311,Allergen
p008246,0.379,0.0,0,0.379,Allergen
p008248,0.418,0.0,0,0.418,Allergen
p008252,0.329,0.0,0,0.329,Allergen
p008262,0.286,0.0,0,0.286,Non-Allergen
p008264,0.307,0.0,0,0.307,Allergen
p008268,0.342,0.0,0,0.342,Allergen
p008270,0.407,0.0,0,0.407,Allergen
p008274,0.301,0.0,0,0.301,Allergen
p008275,0.324,0.0,0,0.324,Allergen
p008277,0.281,0.0,0,0.281,Non-Allergen
p008279,0.311,0.0,0,0.311,Allergen
p008286,0.297,0.0,0,0.297,Non-Allergen
p008316,0.296,0.0,0,0.296,Non-Allergen
p008336,0.359,0.0,0,0.359,Allergen
p008345,0.3,0.5,0,0.8,Allergen
p008395,0.293,0.0,0,0.293,Non-Allergen
p008403,0.307,0.0,0,0.307,Allergen
p008435,0.317,0.0,0,0.317,Allergen
p008452,0.305,0.0,0,0.305,Allergen
p008468,0.433,0.0,0,0.433,Allergen
p008476,0.28,0.0,0,0.28,Non-Allergen
p008498,0.243,0.0,0,0.243,Non-Allergen
p008520,0.404,0.0,0,0.404,Allergen
p008528,0.351,0.0,0,0.351,Allergen
p008567,0.351,0.0,0,0.351,Allergen
p008585,0.3,0.0,0,0.3,Non-Allergen
p008597,0.328,0.0,0,0.328,Allergen
p008609,0.297,0.0,0,0.297,Non-Allergen
p008617,0.235,0.0,0,0.235,Non-Allergen
p008620,0.315,0.0,0,0.315,Allergen
p008625,0.321,0.0,0,0.321,Allergen
p008638,0.308,0.0,0,0.308,Allergen
p008645,0.319,0.0,0,0.319,Allergen
p008653,0.298,0.0,0,0.298,Non-Allergen
p008676,0.271,0.0,0,0.271,Non-Allergen
p008698,0.31,0.0,0,0.31,Allergen
p008760,0.402,0.0,0,0.402,Allergen
p008773,0.318,0.0,0,0.318,Allergen
p008798,0.303,0.0,0,0.303,Allergen
p008807,0.354,0.0,0,0.354,Allergen
p008808,0.276,0.0,0,0.276,Non-Allergen
p008834,0.316,0.0,0,0.316,Allergen
p008835,0.324,0.0,0,0.324,Allergen
p008870,0.274,0.0,0,0.274,Non-Allergen
p008895,0.417,0.0,0,0.417,Allergen
p008906,0.385,0.0,0,0.385,Allergen
p008908,0.294,0.0,0,0.294,Non-Allergen
p008912,0.292,0.0,0,0.292,Non-Allergen
p008925,0.306,0.0,0,0.306,Allergen
p008927,0.384,0.0,0,0.384,Allergen
p008961,0.314,0.0,0,0.314,Allergen
p008972,0.344,0.0,0,0.344,Allergen
p008976,0.327,0.0,0,0.327,Allergen
p008987,0.422,0.0,0,0.422,Allergen
p008996,0.327,0.0,0,0.327,Allergen
p009001,0.324,0.0,0,0.324,Allergen
p009018,0.299,0.0,0,0.299,Non-Allergen
p009036,0.253,0.0,0,0.253,Non-Allergen
p009039,0.318,0.0,0,0.318,Allergen
p009043,0.249,0.0,0,0.249,Non-Allergen
p009056,0.304,0.0,0,0.304,Allergen
p009057,0.339,0.0,0,0.339,Allergen
p009081,0.367,0.0,0,0.367,Allergen
p009101,0.3,0.0,0,0.3,Non-Allergen
p009114,0.296,0.0,0,0.296,Non-Allergen
p009124,0.31,0.0,0,0.31,Allergen
p009137,0.384,0.0,0,0.384,Allergen
p009138,0.297,0.0,0,0.297,Non-Allergen
p009155,0.339,0.0,0,0.339,Allergen
p009164,0.371,0.0,0,0.371,Allergen
p009169,0.42,0.0,0,0.42,Allergen
p009170,0.333,0.0,0,0.333,Allergen
p009184,0.361,0.0,0,0.361,Allergen
p009193,0.205,0.0,0,0.205,Non-Allergen
p009204,0.315,0.0,0,0.315,Allergen
p009205,0.306,0.0,0,0.306,Allergen
p009220,0.329,0.0,0,0.329,Allergen
p009235,0.338,0.0,0,0.338,Allergen
p009244,0.358,0.0,0,0.358,Allergen
p009245,0.539,0.0,0,0.539,Allergen
p009252,0.381,0.0,0,0.381,Allergen
p009259,0.257,0.0,0,0.257,Non-Allergen
p009262,0.233,0.0,0,0.233,Non-Allergen
p009273,0.356,0.0,0,0.356,Allergen
p009283,0.277,0.0,0,0.277,Non-Allergen
p009348,0.28,0.0,0,0.28,Non-Allergen
p009360,0.331,0.0,0,0.331,Allergen
p009369,0.322,0.0,0,0.322,Allergen
p009406,0.371,0.0,0,0.371,Allergen
p009412,0.294,0.0,0,0.294,Non-Allergen
p009433,0.307,0.0,0,0.307,Allergen
p009436,0.34,0.0,0,0.34,Allergen
p009455,0.408,0.0,0,0.408,Allergen
p009460,0.279,0.0,0,0.279,Non-Allergen
p009464,0.317,0.0,0,0.317,Allergen
p009477,0.309,0.0,0,0.309,Allergen
p009488,0.31,0.0,0,0.31,Allergen
p009508,0.292,0.0,0,0.292,Non-Allergen
p009513,0.273,0.0,0,0.273,Non-Allergen
p009517,0.25,0.0,0,0.25,Non-Allergen
p009549,0.276,0.0,0,0.276,Non-Allergen
p009552,0.364,0.0,0,0.364,Allergen
p009582,0.323,0.0,0,0.323,Allergen
p009600,0.291,0.0,0,0.291,Non-Allergen
p009614,0.244,0.0,0,0.244,Non-Allergen
p009615,0.35,0.0,0,0.35,Allergen
p009624,0.247,0.0,0,0.247,Non-Allergen
p009642,0.38,0.5,0,0.88,Allergen
p009661,0.298,0.0,0,0.298,Non-Allergen
p009683,0.221,0.0,0,0.221,Non-Allergen
p009684,0.318,0.0,0,0.318,Allergen
p009699,0.366,0.0,0,0.366,Allergen
p009709,0.21,0.0,0,0.21,Non-Allergen
p009737,0.269,0.0,0,0.269,Non-Allergen
p009746,0.289,0.0,0,0.289,Non-Allergen
p009760,0.372,0.0,0,0.372,Allergen
p009793,0.337,0.0,0,0.337,Allergen
p009811,0.253,0.0,0,0.253,Non-Allergen
p009815,0.228,0.0,0,0.228,Non-Allergen
p009829,0.301,0.0,0,0.301,Allergen
p009850,0.283,0.0,0,0.283,Non-Allergen
p009915,0.322,0.0,0,0.322,Allergen
p009916,0.41,0.0,0,0.41,Allergen
p009930,0.302,0.0,0,0.302,Allergen
p009936,0.361,0.0,0,0.361,Allergen
p009961,0.333,0.0,0,0.333,Allergen
p009970,0.337,0.0,0,0.337,Allergen
p010000,0.297,0.0,0,0.297,Non-Allergen
p010026,0.303,0.0,0,0.303,Allergen
p010027,0.326,0.0,0,0.326,Allergen
p010033,0.276,0.0,0,0.276,Non-Allergen
p010038,0.363,0.0,0,0.363,Allergen
p010052,0.264,0.0,0,0.264,Non-Allergen
p010061,0.317,0.0,0,0.317,Allergen
p010064,0.324,0.0,0,0.324,Allergen
p010067,0.268,0.0,0,0.268,Non-Allergen
p010068,0.314,0.0,0,0.314,Allergen
p010093,0.344,0.0,0,0.344,Allergen
p010116,0.326,0.0,0,0.326,Allergen
p010118,0.314,0.0,0,0.314,Allergen
p010146,0.214,0.0,0,0.214,Non-Allergen
p010150,0.274,0.0,0,0.274,Non-Allergen
p010151,0.357,0.0,0,0.357,Allergen
p010166,0.3,0.0,0,0.3,Non-Allergen
p010169,0.36,0.0,0,0.36,Allergen
p010178,0.246,0.5,0,0.746,Allergen
p010187,0.266,0.0,0,0.266,Non-Allergen
p010194,0.299,0.0,0,0.299,Non-Allergen
p010203,0.296,0.0,0,0.296,Non-Allergen
p010208,0.252,0.0,0,0.252,Non-Allergen
p010221,0.26,0.0,0,0.26,Non-Allergen
p010229,0.318,0.0,0,0.318,Allergen
p010233,0.352,0.0,0,0.352,Allergen
p010253,0.377,0.0,0,0.377,Allergen
p010275,0.313,0.0,0,0.313,Allergen
p010277,0.234,0.0,0,0.234,Non-Allergen
p010280,0.26,0.5,0,0.76,Allergen
p010312,0.375,0.0,0,0.375,Allergen
p010315,0.385,0.0,0,0.385,Allergen
p010333,0.318,0.0,0,0.318,Allergen
p010357,0.322,0.0,0,0.322,Allergen
p010373,0.206,0.0,0,0.206,Non-Allergen
p010389,0.342,0.0,0,0.342,Allergen
p010401,0.314,0.0,0,0.314,Allergen
p010446,0.293,0.0,0,0.293,Non-Allergen
p010457,0.228,0.0,0,0.228,Non-Allergen
p010462,0.324,0.0,0,0.324,Allergen
p010482,0.366,0.0,0,0.366,Allergen
p010486,0.328,0.0,0,0.328,Allergen
p010496,0.293,0.0,0,0.293,Non-Allergen
p010550,0.276,0.0,0,0.276,Non-Allergen
p010561,0.25,0.5,0,0.75,Allergen
p010582,0.296,0.0,0,0.296,Non-Allergen
p010585,0.337,0.0,0,0.337,Allergen
p010592,0.376,0.0,0,0.376,Allergen
p010607,0.356,0.0,0,0.356,Allergen
p010620,0.337,0.0,0,0.337,Allergen
p010623,0.314,0.0,0,0.314,Allergen
p010642,0.302,0.0,0,0.302,Allergen
p010650,0.265,0.0,0,0.265,Non-Allergen
p010652,0.28,0.0,0,0.28,Non-Allergen
p010663,0.279,0.0,0,0.279,Non-Allergen
p010677,0.3,0.0,0,0.3,Non-Allergen
p010681,0.437,0.0,0,0.437,Allergen
p010703,0.288,0.0,0,0.288,Non-Allergen
p010707,0.269,0.0,0,0.269,Non-Allergen
p010715,0.309,0.0,0,0.309,Allergen
p010723,0.337,0.0,0,0.337,Allergen
p010770,0.269,0.0,0,0.269,Non-Allergen
p010813,0.282,0.0,0,0.282,Non-Allergen
p010814,0.38,0.0,0,0.38,Allergen
p010821,0.26,0.0,0,0.26,Non-Allergen
p010835,0.295,0.0,0,0.295,Non-Allergen
p010836,0.28,0.0,0,0.28,Non-Allergen
p010841,0.481,0.0,0,0.481,Allergen
p010909,0.233,0.0,0,0.233,Non-Allergen
p010920,0.322,0.0,0,0.322,Allergen
p010967,0.273,0.0,0,0.273,Non-Allergen
p010981,0.349,0.0,0,0.349,Allergen
p010984,0.242,0.0,0,0.242,Non-Allergen
p010986,0.321,0.0,0,0.321,Allergen
p010991,0.286,0.0,0,0.286,Non-Allergen
p011004,0.352,0.0,0,0.352,Allergen
p011005,0.221,0.0,0,0.221,Non-Allergen
p011025,0.331,0.0,0,0.331,Allergen
p011061,0.388,0.0,0,0.388,Allergen
p011075,0.303,0.0,0,0.303,Allergen
p011107,0.317,0.0,0,0.317,Allergen
p011118,0.355,0.0,0,0.355,Allergen
p011142,0.3,0.0,0,0.3,Non-Allergen
p011156,0.259,0.0,0,0.259,Non-Allergen
p011174,0.309,0.0,0,0.309,Allergen
p011206,0.383,0.0,0,0.383,Allergen
p011217,0.319,0.0,0,0.319,Allergen
p011229,0.293,0.0,0,0.293,Non-Allergen
p011243,0.267,0.0,0,0.267,Non-Allergen
p011254,0.343,0.0,0,0.343,Allergen
p011275,0.349,0.0,0,0.349,Allergen
p011279,0.329,0.0,0,0.329,Allergen
p011282,0.331,0.0,0,0.331,Allergen
p011298,0.361,0.0,0,0.361,Allergen
p011299,0.353,0.0,0,0.353,Allergen
p011322,0.293,0.0,0,0.293,Non-Allergen
p011343,0.311,0.0,0,0.311,Allergen
p011369,0.299,0.0,0,0.299,Non-Allergen
p011373,0.289,0.0,0,0.289,Non-Allergen
p011381,0.325,0.0,0,0.325,Allergen
p011389,0.353,0.0,0,0.353,Allergen
p011411,0.283,0.0,0,0.283,Non-Allergen
p011416,0.264,0.0,0,0.264,Non-Allergen
p011420,0.329,0.0,0,0.329,Allergen
p011459,0.355,0.0,0,0.355,Allergen
p011498,0.332,0.0,0,0.332,Allergen
p011499,0.378,0.0,0,0.378,Allergen
p011500,0.294,0.0,0,0.294,Non-Allergen
p011503,0.299,0.0,0,0.299,Non-Allergen
p011518,0.264,0.0,0,0.264,Non-Allergen
p011537,0.381,0.0,0,0.381,Allergen
p011561,0.277,0.0,0,0.277,Non-Allergen
p011610,0.222,0.0,0,0.222,Non-Allergen
p011632,0.238,0.0,0,0.238,Non-Allergen
p011650,0.307,0.0,0,0.307,Allergen
p011659,0.34,0.0,0,0.34,Allergen
p011671,0.365,0.0,0,0.365,Allergen
p011678,0.327,0.0,0,0.327,Allergen
p011694,0.282,0.0,0,0.282,Non-Allergen
p011702,0.243,0.0,0,0.243,Non-Allergen
p011725,0.285,0.0,0,0.285,Non-Allergen
p011742,0.309,0.5,0,0.809,Allergen
p011771,0.311,0.0,0,0.311,Allergen
p011782,0.325,0.0,0,0.325,Allergen
p011801,0.375,0.0,0,0.375,Allergen
p011810,0.438,0.0,0,0.438,Allergen
p011837,0.253,0.0,0,0.253,Non-Allergen
p011845,0.277,0.0,0,0.277,Non-Allergen
p011850,0.366,0.0,0,0.366,Allergen
p011858,0.179,0.0,0,0.179,Non-Allergen
p011891,0.344,0.0,0,0.344,Allergen
p011895,0.38,0.0,0,0.38,Allergen
p011908,0.269,0.0,0,0.269,Non-Allergen
p011910,0.275,0.0,0,0.275,Non-Allergen
p011957,0.329,0.0,0,0.329,Allergen
p011959,0.315,0.0,0,0.315,Allergen
p011965,0.338,0.0,0,0.338,Allergen
p011990,0.292,0.0,0,0.292,Non-Allergen
p011993,0.271,0.0,0,0.271,Non-Allergen
p012035,0.309,0.0,0,0.309,Allergen
p012067,0.399,0.0,0,0.399,Allergen
p012072,0.272,0.0,0,0.272,Non-Allergen
p012073,0.278,0.0,0,0.278,Non-Allergen
p012081,0.317,0.0,0,0.317,Allergen
p012097,0.285,0.0,0,0.285,Non-Allergen
p012127,0.219,0.0,0,0.219,Non-Allergen
p012153,0.31,0.0,0,0.31,Allergen
p012163,0.309,0.0,0,0.309,Allergen
p012165,0.294,0.0,0,0.294,Non-Allergen
p012169,0.293,0.0,0,0.293,Non-Allergen
p012181,0.379,0.0,0,0.379,Allergen
p012183,0.287,0.0,0,0.287,Non-Allergen
p012184,0.423,0.0,0,0.423,Allergen
p012186,0.322,0.0,0,0.322,Allergen
p012188,0.297,0.0,0,0.297,Non-Allergen
p012216,0.351,0.0,0,0.351,Allergen
p012220,0.316,0.0,0,0.316,Allergen
p012230,0.245,0.0,0,0.245,Non-Allergen
p012253,0.194,0.0,0,0.194,Non-Allergen
p012259,0.407,0.0,0,0.407,Allergen
p012263,0.325,0.0,0,0.325,Allergen
p012292,0.318,0.0,0,0.318,Allergen
p012312,0.329,0.0,0,0.329,Allergen
p012316,0.293,0.0,0,0.293,Non-Allergen
p012324,0.302,0.0,0,0.302,Allergen
p012328,0.338,0.0,0,0.338,Allergen
p012335,0.295,0.0,0,0.295,Non-Allergen
p012364,0.322,0.0,0,0.322,Allergen
p012365,0.308,0.0,0,0.308,Allergen
p012370,0.256,0.0,0,0.256,Non-Allergen
p012376,0.122,0.0,0,0.122,Non-Allergen
p012382,0.317,0.0,0,0.317,Allergen
p012404,0.319,0.0,0,0.319,Allergen
p012408,0.279,0.0,0,0.279,Non-Allergen
p012415,0.262,0.0,0,0.262,Non-Allergen
p012426,0.309,0.0,0,0.309,Allergen
p012444,0.242,0.0,0,0.242,Non-Allergen
p012446,0.339,0.0,0,0.339,Allergen
p012461,0.332,0.0,0,0.332,Allergen
p012472,0.315,0.0,0,0.315,Allergen
p012507,0.198,0.0,0,0.198,Non-Allergen
p012510,0.266,0.0,0,0.266,Non-Allergen
p012513,0.344,0.0,0,0.344,Allergen
p012558,0.375,0.0,0,0.375,Allergen
p012569,0.244,0.0,0,0.244,Non-Allergen
p012572,0.42,0.0,0,0.42,Allergen
p012589,0.304,0.0,0,0.304,Allergen
p012592,0.265,0.0,0,0.265,Non-Allergen
p012599,0.287,0.0,0,0.287,Non-Allergen
p012617,0.362,0.0,0,0.362,Allergen
p012621,0.484,0.0,0,0.484,Allergen
p012623,0.37,0.0,0,0.37,Allergen
p012632,0.259,0.0,0,0.259,Non-Allergen
p012636,0.264,0.0,0,0.264,Non-Allergen
p012650,0.263,0.0,0,0.263,Non-Allergen
p012660,0.279,0.0,0,0.279,Non-Allergen
p012678,0.301,0.0,0,0.301,Allergen
p012695,0.259,0.0,0,0.259,Non-Allergen
p012698,0.415,0.0,0,0.415,Allergen
p012702,0.322,0.0,0,0.322,Allergen
p012713,0.26,0.0,0,0.26,Non-Allergen
p012717,0.326,0.0,0,0.326,Allergen
p012725,0.33,0.0,0,0.33,Allergen
p012737,0.405,0.0,0,0.405,Allergen
p012746,0.293,0.0,0,0.293,Non-Allergen
p012764,0.419,0.0,0,0.419,Allergen
p012766,0.351,0.0,0,0.351,Allergen
p012789,0.391,0.0,0,0.391,Allergen
p012802,0.403,0.0,0,0.403,Allergen
p012811,0.319,0.0,0,0.319,Allergen
p012819,0.384,0.0,0,0.384,Allergen
p012829,0.28,0.0,0,0.28,Non-Allergen
p012831,0.363,0.0,0,0.363,Allergen
p012842,0.291,0.0,0,0.291,Non-Allergen
p012856,0.312,0.0,0,0.312,Allergen
p012866,0.313,0.0,0,0.313,Allergen
p012872,0.272,0.0,0,0.272,Non-Allergen
p012886,0.31,0.0,0,0.31,Allergen
p012895,0.289,0.0,0,0.289,Non-Allergen
p012918,0.291,0.0,0,0.291,Non-Allergen
p012955,0.326,0.0,0,0.326,Allergen
p012984,0.272,0.0,0,0.272,Non-Allergen
p013001,0.422,0.0,0,0.422,Allergen
p013010,0.301,0.0,0,0.301,Allergen
p013013,0.306,0.0,0,0.306,Allergen
p013020,0.348,0.0,0,0.348,Allergen
p013030,0.328,0.5,0,0.828,Allergen
p013039,0.336,0.0,0,0.336,Allergen
p013042,0.383,0.0,0,0.383,Allergen
p013046,0.275,0.0,0,0.275,Non-Allergen
p013052,0.317,0.0,0,0.317,Allergen
p013054,0.376,0.0,0,0.376,Allergen
p013060,0.278,0.0,0,0.278,Non-Allergen
p013091,0.363,0.0,0,0.363,Allergen
p013104,0.45,0.0,0,0.45,Allergen
p013134,0.233,0.0,0,0.233,Non-Allergen
p013135,0.323,0.0,0,0.323,Allergen
p013151,0.252,0.0,0,0.252,Non-Allergen
p013164,0.346,0.0,0,0.346,Allergen
p013166,0.241,0.0,0,0.241,Non-Allergen
p013167,0.39,0.5,0,0.89,Allergen
p013172,0.354,0.0,0,0.354,Allergen
p013212,0.335,0.0,0,0.335,Allergen
p013213,0.334,0.0,0,0.334,Allergen
p013222,0.296,0.0,0,0.296,Non-Allergen
p013236,0.266,0.0,0,0.266,Non-Allergen
p013239,0.285,0.0,0,0.285,Non-Allergen
p013276,0.359,0.0,0,0.359,Allergen
p013283,0.332,0.0,0,0.332,Allergen
p013284,0.292,0.0,0,0.292,Non-Allergen
